<?xml version="1.0" encoding="UTF-8"?>
<beans xmlns="http://www.springframework.org/schema/beans"
	xmlns:xsi="http://www.w3.org/2001/XMLSchema-instance"
	xmlns:context="http://www.springframework.org/schema/context"
	xsi:schemaLocation="http://www.springframework.org/schema/beans http://www.springframework.org/schema/beans/spring-beans.xsd
		http://www.springframework.org/schema/context http://www.springframework.org/schema/context/spring-context-3.1.xsd">

	<bean id="dataSource" class="org.springframework.jdbc.datasource.DriverManagerDataSource">
		<property name="driverClassName" value="oracle.jdbc.OracleDriver"></property>
		<property name="url" value="jdbc:oracle:thin:@203.236.209.206:1521:grast"></property>
		<property name="username" value="scott"></property>
		<property name="password" value="tiger"></property>
	</bean>
	
	<bean id="jdbcOperations" class="org.springframework.jdbc.core.JdbcTemplate">
		<constructor-arg ref="dataSource"></constructor-arg>
	</bean>
	
	<bean id="MemberDAO" class="com.ebook.BookChiGi.model.dao.ImplementedMemberDAO"></bean>
	<context:annotation-config></context:annotation-config>
	<bean id="BookDAO" class="com.ebook.BookChiGi.model.dao.ImplementedBookDAO"></bean>
	<context:annotation-config></context:annotation-config>
	<bean id="DiscountDAO" class="com.ebook.BookChiGi.model.dao.ImplementedDiscountDAO"></bean>
	<context:annotation-config></context:annotation-config>
	<bean id="TalkaboutDAO" class="com.ebook.BookChiGi.model.dao.ImplementedTalkaboutDAO"></bean>
	<context:annotation-config></context:annotation-config>
</beans>
